file1,file2,text_score
030083.json,060548.json,
048643.json,108021.json,
037171.json,040760.json,
007727.json,007586.json,
008090.json,117566.json,
045727.json,038426.json,
111411.json,040382.json,
051511.json,032302.json,
052845.json,053464.json,
079302.json,098130.json,
081761.json,113009.json,
049277.json,068350.json,
095912.json,057371.json,
036720.json,082216.json,
045627.json,035344.json,
000409.json,076898.json,
102356.json,034211.json,
067462.json,075072.json,
019916.json,108780.json,
079225.json,022645.json,
115870.json,055474.json,
058828.json,073313.json,
040878.json,064587.json,
097630.json,117427.json,
078806.json,046008.json,
045122.json,025832.json,
080320.json,073367.json,
057429.json,032964.json,
088801.json,009988.json,
066274.json,069645.json,
051819.json,040582.json,
018625.json,094442.json,
093874.json,001416.json,
042551.json,038288.json,
108472.json,072417.json,
119225.json,057559.json,
068503.json,105114.json,
038105.json,061399.json,
016714.json,013283.json,
043048.json,090996.json,
012392.json,088960.json,
019017.json,119284.json,
037063.json,023686.json,
075270.json,120611.json,
094638.json,067245.json,
001553.json,103089.json,
016121.json,109863.json,
049290.json,063796.json,
105860.json,049047.json,
018393.json,072646.json,
024078.json,110626.json,
089789.json,045581.json,
076544.json,096219.json,
070748.json,104874.json,
102432.json,081919.json,
083787.json,101119.json,
043591.json,119070.json,
012037.json,008959.json,
050066.json,110979.json,
097623.json,097309.json,
057299.json,111320.json,
027559.json,034756.json,
046740.json,105545.json,
005009.json,121085.json,
053382.json,074519.json,
019626.json,060731.json,
046388.json,096674.json,
020367.json,054506.json,
025537.json,086857.json,
012167.json,070813.json,
079948.json,096513.json,
012521.json,006814.json,
008142.json,010150.json,
057922.json,118578.json,
046017.json,064323.json,
091753.json,024643.json,
058918.json,041375.json,
028342.json,039143.json,
091097.json,038312.json,
098910.json,034138.json,
077935.json,083335.json,
119884.json,007611.json,
083616.json,064379.json,
060092.json,075586.json,
097105.json,067167.json,
037625.json,085430.json,
107793.json,024711.json,
100012.json,042720.json,
118301.json,047421.json,
098906.json,024030.json,
038768.json,027641.json,
120039.json,041869.json,
060313.json,040151.json,
072651.json,091068.json,
014810.json,067994.json,
067516.json,025736.json,
114910.json,006552.json,
075952.json,097875.json,
022656.json,046483.json,
007395.json,009155.json,
055008.json,110215.json,
112720.json,005476.json,
053355.json,078064.json,
042113.json,000313.json,
118087.json,082483.json,
005475.json,036364.json,
089962.json,115589.json,
119022.json,034422.json,
097214.json,114953.json,
119368.json,110773.json,
047524.json,001323.json,
088336.json,115355.json,
019873.json,027236.json,
119975.json,009174.json,
068229.json,089079.json,
038431.json,006266.json,
056421.json,074600.json,
092720.json,072769.json,
120765.json,061599.json,
041988.json,073005.json,
079459.json,023619.json,
017850.json,032756.json,
046449.json,051008.json,
092414.json,045495.json,
018745.json,011589.json,
079769.json,056025.json,
083768.json,004208.json,
044953.json,115944.json,
005519.json,011886.json,
071675.json,034537.json,
070952.json,038845.json,
041933.json,074315.json,
052189.json,110354.json,
118114.json,022822.json,
091956.json,020489.json,
052327.json,102482.json,
047984.json,083785.json,
037766.json,036186.json,
050395.json,073176.json,
015595.json,006407.json,
062362.json,001438.json,
070587.json,083135.json,
039264.json,088624.json,
006248.json,006397.json,
052460.json,045660.json,
049846.json,109139.json,
038578.json,021138.json,
033818.json,109285.json,
077572.json,100392.json,
016982.json,083767.json,
043755.json,012792.json,
092195.json,077267.json,
027658.json,076870.json,
070968.json,041593.json,
012692.json,074311.json,
040824.json,059221.json,
041824.json,094658.json,
007863.json,095071.json,
116251.json,027824.json,
060097.json,032244.json,
030564.json,073240.json,
039673.json,031447.json,
080617.json,083341.json,
103282.json,029838.json,
057357.json,002136.json,
011426.json,118365.json,
107670.json,012162.json,
075274.json,008266.json,
098467.json,047064.json,
071601.json,051486.json,
054212.json,100647.json,
106234.json,102916.json,
118932.json,094337.json,
031799.json,033684.json,
060258.json,096002.json,
042361.json,120907.json,
116112.json,082389.json,
086271.json,106915.json,
052445.json,070814.json,
077029.json,000660.json,
107569.json,104183.json,
068534.json,106779.json,
035649.json,110737.json,
094532.json,105837.json,
026953.json,011478.json,
032972.json,085142.json,
041588.json,012244.json,
032567.json,106772.json,
097769.json,094659.json,
065322.json,003395.json,
033981.json,051161.json,
072013.json,081073.json,
110539.json,072467.json,
117035.json,034947.json,
036861.json,089384.json,
068109.json,013382.json,
017134.json,046315.json,
099171.json,118474.json,
088021.json,066545.json,
108094.json,035577.json,
024475.json,080445.json,
068126.json,069213.json,
071437.json,076187.json,
050051.json,025296.json,
105363.json,043966.json,
077898.json,041269.json,
113843.json,101305.json,
071033.json,112119.json,
117488.json,054688.json,
115937.json,034832.json,
089402.json,026083.json,
016340.json,088455.json,
018475.json,005010.json,
045191.json,119891.json,
112137.json,099870.json,
113399.json,093014.json,
070664.json,046071.json,
102120.json,034581.json,
000545.json,037678.json,
041387.json,074849.json,
097259.json,086650.json,
109581.json,077113.json,
059910.json,041859.json,
112949.json,004312.json,
111903.json,025058.json,
081333.json,074416.json,
017089.json,083837.json,
097222.json,056059.json,
119959.json,027205.json,
049497.json,103079.json,
085368.json,045905.json,
011863.json,060683.json,
090848.json,059655.json,
099525.json,010367.json,
094440.json,104201.json,
118195.json,029370.json,
011596.json,065504.json,
034972.json,047510.json,
053439.json,097028.json,
015807.json,120633.json,
112887.json,060192.json,
087454.json,080438.json,
021793.json,051933.json,
075282.json,054918.json,
032212.json,074386.json,
001512.json,118441.json,
118037.json,010426.json,
093341.json,071401.json,
073204.json,108869.json,
036037.json,060371.json,
080725.json,022332.json,
018140.json,052214.json,
056487.json,021166.json,
048625.json,062409.json,
105234.json,087483.json,
039978.json,110403.json,
033794.json,035158.json,
013073.json,010329.json,
060177.json,105684.json,
024522.json,102544.json,
078922.json,000720.json,
100293.json,060110.json,
018610.json,012078.json,
030559.json,059029.json,
083264.json,014034.json,
057585.json,034901.json,
050018.json,031070.json,
033396.json,005418.json,
058405.json,029464.json,
106407.json,032988.json,
085767.json,050859.json,
057003.json,054571.json,
083891.json,074264.json,
092256.json,003825.json,
065283.json,052470.json,
076474.json,046714.json,
004004.json,087884.json,
030766.json,048976.json,
112049.json,075939.json,
106708.json,003893.json,
041583.json,075206.json,
004114.json,064009.json,
036321.json,107360.json,
012187.json,015728.json,
041783.json,030687.json,
106918.json,063071.json,
030361.json,042900.json,
044890.json,114785.json,
026610.json,116921.json,
089028.json,006644.json,
019338.json,092006.json,
051501.json,097411.json,
053308.json,045937.json,
070239.json,079462.json,
060662.json,056453.json,
010311.json,005052.json,
002932.json,026760.json,
085595.json,009045.json,
003403.json,058209.json,
000502.json,010672.json,
079659.json,004058.json,
111170.json,098505.json,
051381.json,021342.json,
017657.json,080101.json,
022225.json,039161.json,
026808.json,054943.json,
042616.json,029570.json,
117913.json,011307.json,
109343.json,075880.json,
070337.json,052726.json,
006792.json,025548.json,
091062.json,086753.json,
025247.json,105750.json,
088460.json,045275.json,
052480.json,092261.json,
095900.json,016093.json,
036526.json,046869.json,
002801.json,030826.json,
112765.json,021314.json,
041300.json,064033.json,
087299.json,085372.json,
044974.json,059703.json,
003139.json,046132.json,
004393.json,113560.json,
112110.json,040248.json,
084670.json,078032.json,
032425.json,017132.json,
023606.json,049589.json,
117791.json,105714.json,
063110.json,073290.json,
094134.json,069804.json,
087358.json,079013.json,
026431.json,095858.json,
018482.json,064720.json,
016407.json,004232.json,
066951.json,112113.json,
074717.json,059135.json,
091822.json,084256.json,
080123.json,065362.json,
111374.json,004136.json,
115376.json,108979.json,
077815.json,004613.json,
049362.json,061088.json,
057963.json,110205.json,
112250.json,080970.json,
064492.json,047224.json,
083834.json,010158.json,
081143.json,056925.json,
065043.json,024718.json,
073322.json,055809.json,
006083.json,066977.json,
058112.json,030265.json,
050904.json,115032.json,
106084.json,028081.json,
034912.json,109553.json,
117159.json,007337.json,
118901.json,035554.json,
113633.json,081621.json,
016017.json,046481.json,
011413.json,056926.json,
064466.json,088442.json,
038097.json,020513.json,
119245.json,018029.json,
105241.json,031635.json,
055005.json,112172.json,
117380.json,048031.json,
092843.json,005948.json,
092086.json,080559.json,
082993.json,002479.json,
053661.json,027153.json,
079009.json,121034.json,
084711.json,097097.json,
117474.json,087169.json,
076245.json,057610.json,
071718.json,006394.json,
085364.json,090542.json,
114888.json,118379.json,
077178.json,042686.json,
037303.json,035143.json,
046161.json,049432.json,
108675.json,025901.json,
108430.json,085641.json,
106546.json,077824.json,
075016.json,038084.json,
031044.json,016383.json,
002883.json,011270.json,
023231.json,011967.json,
104597.json,056472.json,
046959.json,026717.json,
067896.json,107495.json,
061917.json,005226.json,
011441.json,046760.json,
040718.json,007341.json,
110177.json,046953.json,
056546.json,013561.json,
004955.json,047788.json,
040196.json,020813.json,
109364.json,026124.json,
012316.json,002398.json,
011680.json,090027.json,
002424.json,022301.json,
109258.json,021968.json,
064556.json,084638.json,
041736.json,013852.json,
040516.json,056215.json,
118292.json,067158.json,
010917.json,103116.json,
066649.json,110485.json,
032078.json,025542.json,
054905.json,118528.json,
025792.json,042478.json,
088314.json,029327.json,
071156.json,006820.json,
002306.json,101487.json,
106327.json,046670.json,
001633.json,121458.json,
078065.json,105484.json,
051155.json,056742.json,
121442.json,109547.json,
100567.json,043360.json,
009696.json,039470.json,
004111.json,091799.json,
077870.json,082544.json,
004556.json,019030.json,
103888.json,055969.json,
068712.json,027525.json,
019647.json,038784.json,
101151.json,102288.json,
039171.json,044858.json,
116292.json,023695.json,
007345.json,022412.json,
067410.json,035065.json,
058098.json,037480.json,
116551.json,090552.json,
055358.json,044892.json,
045642.json,084737.json,
034786.json,097711.json,
107609.json,097941.json,
058966.json,114127.json,
105604.json,110746.json,
023029.json,065459.json,
080503.json,085994.json,
018768.json,117005.json,
101540.json,098291.json,
038531.json,080302.json,
050609.json,096776.json,
019948.json,001737.json,
106124.json,042152.json,
012281.json,061290.json,
099648.json,042768.json,
107853.json,022903.json,
011671.json,066417.json,
046676.json,121166.json,
047025.json,000607.json,
017446.json,076119.json,
036388.json,012466.json,
103301.json,066173.json,
036273.json,103428.json,
033063.json,047705.json,
091733.json,101312.json,
016846.json,035287.json,
062584.json,005127.json,
075723.json,036475.json,
058127.json,090608.json,
072072.json,050362.json,
089001.json,039554.json,
013525.json,096950.json,
090042.json,017888.json,
088029.json,022682.json,
080031.json,070176.json,
108775.json,109286.json,
071067.json,088964.json,
096590.json,111377.json,
072788.json,067121.json,
085907.json,012147.json,
033633.json,115639.json,
071692.json,024542.json,
051165.json,108993.json,
014046.json,012097.json,
037382.json,030128.json,
000687.json,112542.json,
086956.json,021642.json,
019099.json,017814.json,
106636.json,005552.json,
016411.json,114740.json,
041277.json,071582.json,
064670.json,108303.json,
075915.json,103314.json,
120441.json,069430.json,
000506.json,102425.json,
030121.json,054074.json,
065945.json,075149.json,
014651.json,020239.json,
003766.json,015998.json,
088426.json,072887.json,
109628.json,017763.json,
043882.json,006525.json,
099547.json,006006.json,
022086.json,080533.json,
028438.json,100973.json,
023790.json,073605.json,
038923.json,029958.json,
066498.json,027549.json,
026133.json,085233.json,
046143.json,048220.json,
028070.json,057117.json,
121480.json,013646.json,
092158.json,049098.json,
091268.json,086675.json,
030876.json,039777.json,
024058.json,025971.json,
041206.json,109535.json,
111636.json,049848.json,
051590.json,007323.json,
055697.json,098201.json,
012947.json,090671.json,
056327.json,058772.json,
081606.json,103832.json,
113311.json,049116.json,
037178.json,087550.json,
102344.json,111575.json,
100388.json,084835.json,
078586.json,109205.json,
065566.json,103050.json,
058850.json,112996.json,
008999.json,047637.json,
057562.json,065811.json,
038381.json,053573.json,
009675.json,086661.json,
113898.json,061863.json,
026633.json,035125.json,
065275.json,038323.json,
053304.json,117099.json,
049949.json,085727.json,
092067.json,087902.json,
018202.json,086557.json,
019786.json,050056.json,
111579.json,034956.json,
032397.json,042861.json,
067513.json,120640.json,
019855.json,076555.json,
066781.json,003283.json,
051883.json,098725.json,
048081.json,118620.json,
021357.json,033052.json,
036563.json,101013.json,
006264.json,024788.json,
019121.json,030522.json,
097045.json,022872.json,
064537.json,035482.json,
088548.json,049850.json,
060861.json,025073.json,
072185.json,003377.json,
025934.json,006414.json,
050155.json,056221.json,
028962.json,090545.json,
033432.json,113691.json,
106916.json,106867.json,
042197.json,121209.json,
121100.json,088946.json,
018485.json,068472.json,
117654.json,057594.json,
036939.json,110196.json,
002432.json,091108.json,
035882.json,054268.json,
043516.json,001013.json,
041096.json,092308.json,
036785.json,106523.json,
031028.json,117971.json,
053091.json,006590.json,
076059.json,072098.json,
017029.json,000627.json,
004777.json,084646.json,
083478.json,012120.json,
056610.json,008638.json,
036346.json,045356.json,
077863.json,100527.json,
035142.json,052781.json,
072752.json,098784.json,
016538.json,080396.json,
085371.json,067075.json,
004056.json,077341.json,
043308.json,018568.json,
075139.json,051583.json,
084114.json,014710.json,
065587.json,017119.json,
008152.json,103605.json,
100679.json,033011.json,
048408.json,056243.json,
039138.json,037335.json,
005971.json,078901.json,
012564.json,026461.json,
011636.json,076805.json,
034460.json,064982.json,
017737.json,050307.json,
046117.json,010994.json,
073857.json,056639.json,
002485.json,081118.json,
114162.json,047376.json,
058598.json,013203.json,
088064.json,042984.json,
071892.json,000674.json,
076979.json,019214.json,
089595.json,065646.json,
072139.json,087167.json,
058544.json,015910.json,
009387.json,092327.json,
036382.json,083835.json,
121087.json,070451.json,
120713.json,078081.json,
121173.json,029561.json,
060478.json,019288.json,
107407.json,071875.json,
063586.json,025586.json,
010134.json,063572.json,
084021.json,107373.json,
050900.json,110617.json,
035617.json,077398.json,
082131.json,092929.json,
102934.json,016842.json,
035854.json,023233.json,
071102.json,092969.json,
046309.json,116505.json,
106570.json,001063.json,
062678.json,103828.json,
104022.json,058450.json,
104160.json,021768.json,
074449.json,070304.json,
057628.json,031293.json,
017930.json,043580.json,
069164.json,049886.json,
072321.json,009404.json,
088321.json,047349.json,
089148.json,062984.json,
096561.json,019780.json,
040105.json,063270.json,
067898.json,058216.json,
079431.json,005343.json,
012319.json,042315.json,
105723.json,094411.json,
022288.json,062275.json,
074995.json,037114.json,
081963.json,116652.json,
034353.json,044095.json,
120286.json,017341.json,
058746.json,027218.json,
104715.json,113628.json,
049732.json,119011.json,
032239.json,043329.json,
116494.json,107574.json,
119908.json,074071.json,
042059.json,007575.json,
116474.json,119143.json,
084018.json,009929.json,
116987.json,056861.json,
005165.json,062961.json,
090118.json,107904.json,
066898.json,019202.json,
083992.json,083546.json,
001520.json,039231.json,
099997.json,045735.json,
101036.json,070232.json,
049397.json,084224.json,
088617.json,105582.json,
096737.json,098735.json,
056623.json,049644.json,
059480.json,072491.json,
046651.json,025645.json,
014998.json,046085.json,
038000.json,023667.json,
101643.json,004035.json,
005281.json,055203.json,
019019.json,079907.json,
001334.json,070979.json,
048360.json,076611.json,
010036.json,025221.json,
070394.json,086423.json,
073258.json,061051.json,
098352.json,055331.json,
023712.json,018638.json,
026335.json,113463.json,
010493.json,017009.json,
121255.json,013375.json,
044888.json,095182.json,
011598.json,113422.json,
069427.json,110482.json,
005300.json,019742.json,
000706.json,023482.json,
069524.json,102832.json,
044216.json,089841.json,
043996.json,021629.json,
024915.json,115289.json,
055547.json,060171.json,
008191.json,110636.json,
081365.json,110794.json,
086666.json,032306.json,
100160.json,000929.json,
117369.json,100116.json,
096543.json,115798.json,
034568.json,107911.json,
082141.json,060779.json,
053494.json,105478.json,
045767.json,017872.json,
004996.json,001107.json,
034948.json,058355.json,
047265.json,033345.json,
068816.json,087670.json,
042384.json,039962.json,
038447.json,059622.json,
047807.json,050809.json,
015216.json,109133.json,
058005.json,018591.json,
077912.json,074312.json,
048730.json,031876.json,
033839.json,101780.json,
105103.json,040841.json,
116330.json,097524.json,
024339.json,064613.json,
080610.json,096130.json,
026600.json,089439.json,
099095.json,089196.json,
018089.json,112653.json,
107071.json,089992.json,
110607.json,012655.json,
100683.json,108940.json,
068093.json,049289.json,
094462.json,021786.json,
028262.json,107326.json,
034269.json,095770.json,
045751.json,086939.json,
052871.json,095132.json,
051043.json,016029.json,
073405.json,098917.json,
046872.json,036213.json,
114062.json,026589.json,
027933.json,008835.json,
011077.json,019371.json,
019079.json,066916.json,
119423.json,099473.json,
073378.json,102730.json,
101177.json,117500.json,
093197.json,083352.json,
085304.json,072136.json,
119713.json,072649.json,
053982.json,110086.json,
116410.json,072729.json,
085720.json,025854.json,
006592.json,118662.json,
027776.json,064079.json,
101782.json,057037.json,
079979.json,069176.json,
077795.json,034987.json,
008052.json,096175.json,
111505.json,105930.json,
007182.json,003611.json,
042347.json,075417.json,
040054.json,096200.json,
071756.json,065126.json,
041212.json,022801.json,
107933.json,083286.json,
004894.json,076582.json,
011895.json,060700.json,
067104.json,121002.json,
022839.json,020404.json,
078254.json,100515.json,
118978.json,048120.json,
075634.json,016111.json,
003490.json,014321.json,
093912.json,075644.json,
073238.json,012132.json,
030782.json,075415.json,
100157.json,093599.json,
104151.json,056807.json,
052014.json,060901.json,
042760.json,069123.json,
063503.json,008214.json,
061247.json,108307.json,
023451.json,042565.json,
098717.json,107232.json,
116429.json,112188.json,
082353.json,062762.json,
056029.json,110882.json,
082415.json,033574.json,
036139.json,041521.json,
006736.json,080419.json,
043230.json,059823.json,
055214.json,019943.json,
061847.json,027674.json,
115256.json,116770.json,
024115.json,000918.json,
042930.json,068165.json,
114713.json,064711.json,
020473.json,089624.json,
070622.json,055795.json,
043922.json,028035.json,
035687.json,111441.json,
070727.json,099022.json,
081791.json,097527.json,
023904.json,081472.json,
106090.json,040503.json,
020058.json,036121.json,
019771.json,086943.json,
036291.json,004661.json,
045694.json,021695.json,
029259.json,039927.json,
090464.json,030459.json,
025036.json,015049.json,
118991.json,034811.json,
079762.json,012606.json,
038623.json,029170.json,
009126.json,035613.json,
044738.json,069858.json,
021109.json,082605.json,
023378.json,110977.json,
018480.json,016365.json,
060533.json,026871.json,
097455.json,065226.json,
033690.json,056067.json,
046254.json,080621.json,
044242.json,111850.json,
120458.json,015463.json,
120010.json,025753.json,
086874.json,073784.json,
056425.json,077444.json,
119243.json,024277.json,
114025.json,063438.json,
056320.json,070264.json,
093110.json,094279.json,
059197.json,034562.json,
077211.json,053274.json,
075031.json,078813.json,
006920.json,074798.json,
051091.json,070263.json,
037520.json,008692.json,
074613.json,010625.json,
025756.json,035281.json,
117079.json,058802.json,
111109.json,065174.json,
083972.json,089400.json,
033427.json,013076.json,
051273.json,003670.json,
049634.json,016617.json,
028970.json,019518.json,
083213.json,055501.json,
083825.json,064057.json,
117411.json,066537.json,
043697.json,057203.json,
025763.json,102838.json,
102231.json,057284.json,
034842.json,034197.json,
079275.json,014269.json,
120534.json,068802.json,
097219.json,001881.json,
108692.json,041048.json,
033355.json,014538.json,
058485.json,120849.json,
095812.json,003365.json,
104530.json,069642.json,
047546.json,109060.json,
107397.json,075162.json,
036360.json,112131.json,
042888.json,097037.json,
015877.json,008326.json,
025262.json,028954.json,
095724.json,118556.json,
079319.json,013956.json,
107534.json,082074.json,
101106.json,001219.json,
081975.json,088194.json,
084456.json,000770.json,
119407.json,013292.json,
010274.json,014821.json,
007654.json,071345.json,
001423.json,107515.json,
008334.json,034804.json,
017064.json,071511.json,
007317.json,109045.json,
042683.json,009299.json,
051066.json,008472.json,
119046.json,012429.json,
095727.json,057932.json,
101328.json,061995.json,
009482.json,011001.json,
021674.json,111510.json,
083463.json,089848.json,
075311.json,076434.json,
103206.json,041259.json,
017956.json,079691.json,
013174.json,039560.json,
107899.json,080630.json,
074076.json,095244.json,
055618.json,038115.json,
020702.json,003739.json,
015876.json,087046.json,
066619.json,069680.json,
006918.json,037359.json,
058852.json,083663.json,
078980.json,086183.json,
062774.json,039417.json,
006510.json,108664.json,
119254.json,090282.json,
083562.json,106238.json,
075544.json,080012.json,
112268.json,004456.json,
068927.json,100998.json,
067747.json,017479.json,
053553.json,023470.json,
049365.json,113933.json,
077877.json,001478.json,
093254.json,019542.json,
096275.json,072604.json,
081053.json,093621.json,
049951.json,026496.json,
004110.json,094388.json,
014503.json,062793.json,
097902.json,083425.json,
019106.json,102137.json,
025452.json,039766.json,
090604.json,120459.json,
034616.json,085302.json,
011092.json,112732.json,
057894.json,093986.json,
059316.json,074198.json,
068363.json,117259.json,
023041.json,075913.json,
070641.json,099118.json,
011106.json,027663.json,
083427.json,056764.json,
020094.json,031844.json,
054331.json,007142.json,
057998.json,097753.json,
042621.json,040779.json,
074553.json,047451.json,
082235.json,015483.json,
102570.json,102770.json,
063708.json,050010.json,
037432.json,000802.json,
052466.json,075542.json,
040931.json,071839.json,
088609.json,058928.json,
091061.json,080334.json,
103008.json,006487.json,
114568.json,064179.json,
064421.json,096700.json,
062991.json,084693.json,
067780.json,114208.json,
025701.json,070280.json,
031021.json,118633.json,
104325.json,001221.json,
067294.json,028973.json,
006730.json,019020.json,
118385.json,003698.json,
108069.json,102513.json,
113609.json,109560.json,
073873.json,019848.json,
081110.json,059749.json,
031969.json,093643.json,
069653.json,067673.json,
028159.json,088881.json,
023618.json,106122.json,
060737.json,065223.json,
029803.json,054046.json,
080365.json,098514.json,
072689.json,000296.json,
061597.json,101379.json,
055188.json,070417.json,
047117.json,007853.json,
052297.json,106925.json,
103504.json,112750.json,
071532.json,040063.json,
094557.json,065401.json,
117218.json,032160.json,
109064.json,079305.json,
028046.json,076142.json,
020691.json,093799.json,
088556.json,058820.json,
000869.json,060766.json,
001872.json,046078.json,
023330.json,111975.json,
095888.json,093846.json,
071781.json,111870.json,
051248.json,009391.json,
084141.json,013836.json,
110604.json,063556.json,
095039.json,099690.json,
057789.json,029059.json,
064820.json,049665.json,
000890.json,072768.json,
006531.json,076943.json,
119792.json,079620.json,
058782.json,081984.json,
036264.json,055346.json,
075181.json,110898.json,
120317.json,049478.json,
091650.json,088128.json,
016050.json,118017.json,
016845.json,081263.json,
099720.json,057812.json,
039926.json,083437.json,
039608.json,004587.json,
008943.json,097653.json,
106408.json,032723.json,
108372.json,066602.json,
044467.json,065598.json,
021382.json,086578.json,
101546.json,121279.json,
019422.json,071667.json,
009916.json,104821.json,
106920.json,052166.json,
002633.json,094196.json,
085237.json,077180.json,
003407.json,107571.json,
035110.json,096836.json,
055085.json,024313.json,
000688.json,011304.json,
074052.json,081362.json,
013497.json,029641.json,
029240.json,031526.json,
032375.json,108102.json,
023214.json,088981.json,
063529.json,014864.json,
067136.json,028603.json,
011299.json,042654.json,
084845.json,012193.json,
078684.json,100947.json,
104541.json,093646.json,
025506.json,069415.json,
098715.json,066625.json,
036588.json,059721.json,
034964.json,042195.json,
015176.json,014589.json,
110873.json,008621.json,
049659.json,065352.json,
111704.json,011489.json,
024924.json,115346.json,
087979.json,097157.json,
076381.json,018380.json,
109920.json,040501.json,
001922.json,097205.json,
045452.json,020944.json,
115717.json,052525.json,
071502.json,028776.json,
106420.json,012191.json,
095143.json,036041.json,
011607.json,004168.json,
035027.json,025251.json,
011028.json,002174.json,
115985.json,077796.json,
079061.json,042060.json,
034046.json,101789.json,
121242.json,071766.json,
091329.json,093702.json,
115277.json,114681.json,
015264.json,001608.json,
112561.json,070884.json,
027493.json,017453.json,
108279.json,063779.json,
091940.json,079627.json,
041834.json,111625.json,
110266.json,102447.json,
118370.json,017589.json,
109464.json,024158.json,
005375.json,001084.json,
015999.json,086474.json,
090543.json,008244.json,
079857.json,108537.json,
018347.json,049615.json,
039404.json,120404.json,
025553.json,028699.json,
018098.json,018508.json,
055584.json,065405.json,
078704.json,081625.json,
120631.json,051582.json,
027736.json,061560.json,
027098.json,051127.json,
104790.json,029889.json,
096276.json,076789.json,
089909.json,120516.json,
005995.json,099792.json,
101692.json,111705.json,
049477.json,053119.json,
005581.json,118517.json,
112148.json,053740.json,
004036.json,094413.json,
013890.json,120944.json,
005234.json,119869.json,
095060.json,119652.json,
107462.json,053667.json,
087688.json,100357.json,
062503.json,032039.json,
106766.json,096210.json,
048050.json,008172.json,
058420.json,045148.json,
019549.json,060840.json,
115766.json,104637.json,
017229.json,037341.json,
102481.json,085186.json,
020550.json,071074.json,
033707.json,078572.json,
061689.json,061080.json,
026488.json,035421.json,
108059.json,094988.json,
098828.json,069403.json,
059206.json,010575.json,
117623.json,071043.json,
038500.json,071335.json,
040381.json,040587.json,
080589.json,100375.json,
025357.json,036143.json,
027325.json,065453.json,
061773.json,028832.json,
057436.json,015585.json,
005008.json,014977.json,
035653.json,008274.json,
019449.json,075521.json,
097512.json,103530.json,
062672.json,053869.json,
075829.json,040512.json,
096060.json,021912.json,
061654.json,084368.json,
117361.json,120891.json,
062579.json,015145.json,
045875.json,042866.json,
076137.json,004251.json,
118128.json,116008.json,
118144.json,014201.json,
106198.json,063075.json,
041472.json,023210.json,
078714.json,037288.json,
008167.json,033135.json,
027353.json,108037.json,
112687.json,003793.json,
043514.json,028434.json,
090158.json,008193.json,
027638.json,058263.json,
043447.json,011357.json,
002975.json,078687.json,
071396.json,040073.json,
101040.json,101334.json,
119516.json,018820.json,
080160.json,068095.json,
013024.json,116733.json,
084336.json,025298.json,
051429.json,044284.json,
047748.json,010102.json,
000279.json,089404.json,
036049.json,095445.json,
083592.json,018257.json,
075957.json,006957.json,
023072.json,105305.json,
117568.json,036510.json,
119821.json,047045.json,
013377.json,086380.json,
044909.json,045731.json,
031997.json,116346.json,
106107.json,067252.json,
023756.json,007068.json,
087187.json,097895.json,
084946.json,022598.json,
120652.json,049167.json,
119756.json,117590.json,
013340.json,083696.json,
046561.json,063328.json,
090043.json,023652.json,
105329.json,045730.json,
073638.json,038752.json,
023203.json,026547.json,
056574.json,010958.json,
046452.json,103593.json,
049752.json,114401.json,
031790.json,018578.json,
074753.json,044955.json,
080484.json,015441.json,
098347.json,012079.json,
009396.json,029305.json,
082895.json,008355.json,
043109.json,071241.json,
019557.json,050253.json,
035763.json,049867.json,
036401.json,007990.json,
058424.json,029974.json,
036694.json,064790.json,
088255.json,039077.json,
050568.json,014956.json,
035743.json,033994.json,
079083.json,106164.json,
092829.json,088655.json,
019300.json,099507.json,
110824.json,013207.json,
028418.json,114560.json,
092615.json,068136.json,
098856.json,113143.json,
012734.json,001549.json,
114572.json,080348.json,
021132.json,098652.json,
119515.json,107863.json,
024365.json,004760.json,
057450.json,062964.json,
067234.json,002465.json,
027615.json,072107.json,
005572.json,037643.json,
059778.json,027612.json,
003589.json,044248.json,
040968.json,049417.json,
092283.json,045083.json,
074552.json,015484.json,
091230.json,089752.json,
067629.json,051192.json,
055257.json,062480.json,
032230.json,095307.json,
017845.json,085896.json,
072524.json,017600.json,
112958.json,091960.json,
069787.json,102267.json,
025141.json,027323.json,
059091.json,109605.json,
053669.json,080545.json,
019616.json,002021.json,
116447.json,042601.json,
056256.json,116168.json,
070719.json,022958.json,
073580.json,103391.json,
083165.json,026260.json,
085522.json,048316.json,
068555.json,081948.json,
055092.json,072396.json,
048632.json,104023.json,
029064.json,089002.json,
043280.json,016030.json,
101476.json,054522.json,
069734.json,017316.json,
088722.json,089607.json,
090606.json,021880.json,
097137.json,112715.json,
120632.json,037001.json,
117669.json,072426.json,
008067.json,040039.json,
022614.json,099522.json,
033970.json,063897.json,
078737.json,073629.json,
005735.json,023763.json,
008407.json,029973.json,
118708.json,003234.json,
030971.json,072576.json,
014143.json,006287.json,
087347.json,080154.json,
023720.json,090519.json,
020492.json,102573.json,
053435.json,071482.json,
050659.json,068842.json,
016279.json,114478.json,
062760.json,069184.json,
121205.json,041225.json,
118421.json,098022.json,
063955.json,096902.json,
031465.json,081343.json,
072270.json,106718.json,
092319.json,096994.json,
027416.json,015792.json,
121443.json,046662.json,
017708.json,066637.json,
114854.json,008646.json,
067001.json,067393.json,
087740.json,118272.json,
097488.json,048403.json,
022739.json,113669.json,
028753.json,083161.json,
038839.json,032122.json,
054342.json,001692.json,
079416.json,103293.json,
103303.json,015395.json,
065390.json,096852.json,
015596.json,033528.json,
054249.json,064796.json,
009923.json,106463.json,
114396.json,116521.json,
074708.json,056723.json,
089861.json,002917.json,
027590.json,075029.json,
013695.json,080371.json,
094772.json,022438.json,
098454.json,089894.json,
057956.json,114242.json,
020365.json,021237.json,
008822.json,008362.json,
108783.json,064443.json,
118104.json,035157.json,
015409.json,050425.json,
045389.json,026622.json,
052164.json,083981.json,
087555.json,053156.json,
117356.json,104412.json,
120623.json,093049.json,
113254.json,054159.json,
044433.json,028549.json,
086843.json,014389.json,
054222.json,033242.json,
097672.json,068414.json,
024191.json,098494.json,
035811.json,081955.json,
080779.json,097112.json,
082938.json,090626.json,
010229.json,049496.json,
105831.json,094676.json,
095048.json,006077.json,
078767.json,112986.json,
001911.json,108578.json,
037896.json,120996.json,
030094.json,055451.json,
022879.json,086526.json,
112862.json,081638.json,
068079.json,029118.json,
075076.json,101787.json,
096952.json,099279.json,
013529.json,114023.json,
090146.json,010770.json,
044978.json,043590.json,
104583.json,032154.json,
032831.json,037721.json,
032329.json,035750.json,
080449.json,024343.json,
045080.json,111284.json,
048352.json,013193.json,
030664.json,038419.json,
003709.json,081429.json,
037566.json,075019.json,
089867.json,050077.json,
102430.json,013366.json,
003578.json,096717.json,
119191.json,078825.json,
064912.json,014624.json,
008235.json,118709.json,
062110.json,075055.json,
088996.json,022207.json,
077380.json,092885.json,
052989.json,058416.json,
017887.json,088184.json,
052476.json,114158.json,
091724.json,056250.json,
113553.json,065597.json,
005456.json,069774.json,
091412.json,048900.json,
019871.json,114423.json,
120624.json,058796.json,
101229.json,000359.json,
121233.json,025202.json,
090040.json,102502.json,
014887.json,010072.json,
048053.json,041141.json,
040563.json,085615.json,
069955.json,032597.json,
074969.json,067566.json,
062609.json,036078.json,
038588.json,025857.json,
026237.json,108042.json,
121445.json,100317.json,
016028.json,044639.json,
119936.json,061700.json,
071438.json,097836.json,
029598.json,093391.json,
121462.json,024618.json,
006501.json,014666.json,
020696.json,033875.json,
017646.json,117362.json,
033974.json,017269.json,
056178.json,098475.json,
029145.json,023735.json,
084116.json,106079.json,
109990.json,057228.json,
118868.json,116363.json,
081397.json,119304.json,
095695.json,043012.json,
116324.json,059345.json,
101892.json,070132.json,
011326.json,032113.json,
116060.json,003754.json,
119949.json,009490.json,
119370.json,093940.json,
001131.json,079872.json,
026172.json,080971.json,
093024.json,069816.json,
094631.json,104005.json,
021936.json,012689.json,
041275.json,024437.json,
078001.json,031325.json,
013771.json,063737.json,
085739.json,012192.json,
000634.json,025078.json,
110553.json,063966.json,
029992.json,045302.json,
048904.json,013562.json,
017606.json,078403.json,
045846.json,053929.json,
044652.json,094183.json,
090863.json,008230.json,
061132.json,059079.json,
035032.json,114114.json,
096418.json,105918.json,
048192.json,047049.json,
079683.json,079382.json,
080150.json,103567.json,
018213.json,090331.json,
076894.json,033064.json,
089431.json,032735.json,
019213.json,078260.json,
048776.json,086327.json,
069061.json,111152.json,
030271.json,119019.json,
082870.json,070585.json,
089122.json,074806.json,
072802.json,097513.json,
038705.json,035403.json,
073385.json,104432.json,
025891.json,116919.json,
074830.json,111261.json,
046934.json,093023.json,
113565.json,059233.json,
007925.json,065287.json,
001535.json,007081.json,
093443.json,077662.json,
018085.json,030252.json,
003939.json,115048.json,
032933.json,019334.json,
013834.json,104890.json,
037374.json,095473.json,
073874.json,082894.json,
090382.json,058468.json,
016606.json,044969.json,
089240.json,091115.json,
032779.json,101218.json,
087512.json,069249.json,
057952.json,044638.json,
047674.json,060534.json,
007325.json,046627.json,
068763.json,030827.json,
001044.json,024939.json,
060719.json,058103.json,
042581.json,077918.json,
040126.json,038979.json,
005268.json,048858.json,
059275.json,111583.json,
028398.json,000560.json,
075808.json,072062.json,
016993.json,076191.json,
077198.json,033639.json,
018065.json,077090.json,
023895.json,107428.json,
053829.json,115585.json,
092209.json,071333.json,
042956.json,112355.json,
002616.json,120026.json,
113295.json,113184.json,
059462.json,100574.json,
078372.json,018114.json,
061434.json,111343.json,
093539.json,087698.json,
050947.json,065295.json,
061817.json,103413.json,
094098.json,069546.json,
113252.json,073261.json,
025662.json,053288.json,
017974.json,003587.json,
041710.json,002871.json,
104451.json,028459.json,
037733.json,076431.json,
076364.json,014699.json,
055043.json,077392.json,
105898.json,104410.json,
000542.json,092821.json,
076460.json,065618.json,
079055.json,014786.json,
094743.json,064724.json,
069021.json,103890.json,
042487.json,100987.json,
034798.json,018100.json,
079613.json,098199.json,
031100.json,032942.json,
084589.json,075628.json,
069927.json,089401.json,
059528.json,015603.json,
110297.json,033283.json,
028038.json,107992.json,
101030.json,113031.json,
103939.json,114488.json,
098276.json,041529.json,
072169.json,042586.json,
103694.json,116001.json,
036351.json,005620.json,
084749.json,025958.json,
099845.json,011517.json,
039788.json,036453.json,
118362.json,109260.json,
096854.json,115169.json,
090132.json,105091.json,
013374.json,092497.json,
040221.json,066483.json,
106819.json,014375.json,
036923.json,106184.json,
097639.json,048605.json,
078947.json,040580.json,
112499.json,006593.json,
001558.json,058293.json,
108249.json,108884.json,
058190.json,070126.json,
073034.json,029058.json,
102247.json,059154.json,
068959.json,060468.json,
082776.json,063759.json,
019359.json,083902.json,
014126.json,064018.json,
086895.json,030175.json,
092143.json,029147.json,
039182.json,039715.json,
051007.json,047147.json,
089971.json,107511.json,
095187.json,027842.json,
096816.json,044274.json,
055803.json,111125.json,
014477.json,040043.json,
029155.json,005432.json,
060647.json,084878.json,
098143.json,023430.json,
087549.json,027696.json,
119393.json,057471.json,
039689.json,008254.json,
097980.json,086918.json,
033090.json,115395.json,
029703.json,069346.json,
089295.json,043593.json,
100297.json,110005.json,
031331.json,046889.json,
089158.json,014987.json,
034001.json,099122.json,
103571.json,045969.json,
081585.json,119523.json,
052379.json,034711.json,
037769.json,075261.json,
087217.json,059824.json,
088327.json,091315.json,
066626.json,100353.json,
058391.json,100240.json,
001176.json,006727.json,
021633.json,033485.json,
013673.json,065136.json,
028772.json,006181.json,
045116.json,002385.json,
002899.json,025317.json,
050822.json,070082.json,
053251.json,105657.json,
098612.json,105658.json,
058599.json,026311.json,
108845.json,115044.json,
055709.json,052424.json,
091894.json,087172.json,
078310.json,055515.json,
114469.json,020131.json,
082175.json,022606.json,
002072.json,112252.json,
064561.json,095003.json,
006521.json,054469.json,
090244.json,018267.json,
056017.json,074313.json,
084078.json,052969.json,
002342.json,008992.json,
107525.json,090454.json,
100919.json,060310.json,
113278.json,008072.json,
066188.json,101237.json,
095446.json,093815.json,
081285.json,119674.json,
085813.json,050451.json,
034027.json,002922.json,
071604.json,117967.json,
049960.json,101089.json,
060993.json,054193.json,
007234.json,098879.json,
109826.json,084061.json,
111406.json,002604.json,
096237.json,064449.json,
049179.json,110374.json,
024825.json,037635.json,
097762.json,012418.json,
021500.json,085884.json,
041837.json,101254.json,
025214.json,068722.json,
105084.json,024841.json,
048092.json,090979.json,
084143.json,083197.json,
115430.json,058838.json,
108811.json,109071.json,
117176.json,102807.json,
000940.json,058987.json,
101662.json,004647.json,
082840.json,052349.json,
106069.json,019586.json,
103348.json,100552.json,
073792.json,079933.json,
042416.json,034234.json,
094603.json,112451.json,
113353.json,035566.json,
113420.json,046041.json,
072120.json,103616.json,
034105.json,111640.json,
074997.json,050245.json,
099537.json,096869.json,
058136.json,078520.json,
026577.json,088211.json,
069117.json,036025.json,
061250.json,059004.json,
000314.json,071329.json,
038813.json,020064.json,
032518.json,009016.json,
052068.json,019778.json,
100358.json,084812.json,
036131.json,094819.json,
107503.json,033900.json,
085411.json,034354.json,
104438.json,102122.json,
025349.json,038561.json,
002753.json,011203.json,
110752.json,045705.json,
117379.json,069813.json,
114775.json,101175.json,
059923.json,101279.json,
113448.json,017317.json,
026930.json,099523.json,
042264.json,115188.json,
038344.json,064047.json,
088351.json,094253.json,
042020.json,105150.json,
109549.json,038435.json,
071385.json,060616.json,
084509.json,087818.json,
088942.json,072529.json,
015717.json,030229.json,
098773.json,067217.json,
059299.json,042103.json,
080205.json,015314.json,
007203.json,111461.json,
119114.json,099466.json,
065622.json,036392.json,
117120.json,096317.json,
048667.json,082934.json,
104111.json,108556.json,
092321.json,049252.json,
029456.json,033278.json,
078286.json,068757.json,
015419.json,024529.json,
106582.json,074448.json,
031193.json,096596.json,
080421.json,079215.json,
047950.json,091465.json,
053033.json,003831.json,
099018.json,016005.json,
102901.json,082566.json,
001192.json,052564.json,
095525.json,033180.json,
116939.json,101850.json,
080837.json,101369.json,
005561.json,003434.json,
113491.json,084156.json,
076758.json,046617.json,
023491.json,061665.json,
055629.json,118437.json,
117923.json,099941.json,
001381.json,081420.json,
067143.json,092298.json,
107122.json,105276.json,
049961.json,077331.json,
094847.json,107917.json,
110974.json,110137.json,
017032.json,109331.json,
089357.json,082611.json,
108148.json,076417.json,
006999.json,082344.json,
003167.json,035033.json,
036053.json,044043.json,
104593.json,075286.json,
041487.json,020814.json,
032418.json,088632.json,
066253.json,087578.json,
114204.json,107654.json,
085555.json,027100.json,
073227.json,000556.json,
000822.json,016069.json,
037417.json,040770.json,
023977.json,008669.json,
099197.json,012836.json,
060041.json,060229.json,
116852.json,117648.json,
084342.json,106924.json,
105887.json,084768.json,
096676.json,021825.json,
084862.json,050600.json,
101197.json,106083.json,
080222.json,107242.json,
120114.json,042143.json,
071807.json,001499.json,
028138.json,056062.json,
037904.json,006671.json,
116431.json,012666.json,
038261.json,000931.json,
047016.json,024903.json,
012103.json,056713.json,
089723.json,061884.json,
040795.json,090457.json,
028739.json,055790.json,
080787.json,034561.json,
116307.json,061894.json,
042798.json,055448.json,
042719.json,091129.json,
056704.json,035683.json,
079703.json,044210.json,
058624.json,085469.json,
087511.json,076882.json,
079380.json,092833.json,
107384.json,074387.json,
024545.json,047070.json,
062410.json,087205.json,
113926.json,023003.json,
077982.json,105058.json,
099103.json,106539.json,
083824.json,041433.json,
056960.json,086247.json,
102683.json,054762.json,
060490.json,109580.json,
080677.json,103078.json,
115266.json,054670.json,
070225.json,074747.json,
062218.json,036322.json,
034107.json,068824.json,
079814.json,107607.json,
102579.json,107960.json,
026906.json,009147.json,
086867.json,007731.json,
015379.json,083274.json,
048137.json,006367.json,
048049.json,016135.json,
003488.json,004129.json,
026843.json,100990.json,
018054.json,024950.json,
030059.json,051529.json,
110906.json,081462.json,
077499.json,071572.json,
025232.json,058097.json,
074757.json,093418.json,
020098.json,067040.json,
033444.json,109669.json,
024772.json,002842.json,
066596.json,071430.json,
092230.json,024064.json,
116101.json,089686.json,
065746.json,049572.json,
009950.json,008048.json,
116666.json,068255.json,
041689.json,043758.json,
080883.json,068180.json,
100586.json,041947.json,
028483.json,013979.json,
065423.json,055171.json,
042514.json,059182.json,
089793.json,046858.json,
023866.json,024705.json,
061584.json,031008.json,
009437.json,086072.json,
033508.json,011939.json,
078460.json,010910.json,
094389.json,030835.json,
058249.json,042925.json,
110883.json,114037.json,
104792.json,037633.json,
043948.json,093565.json,
032810.json,100960.json,
045677.json,105540.json,
079478.json,073398.json,
081242.json,038537.json,
091277.json,046811.json,
076587.json,045651.json,
115384.json,016475.json,
073065.json,111801.json,
114663.json,114697.json,
015340.json,059794.json,
089435.json,029140.json,
101117.json,065972.json,
060689.json,085420.json,
107489.json,116558.json,
074921.json,041354.json,
114643.json,020545.json,
090129.json,042136.json,
019464.json,082957.json,
094165.json,104717.json,
052973.json,006398.json,
033525.json,094404.json,
044982.json,033630.json,
051058.json,019247.json,
058900.json,022186.json,
078102.json,049582.json,
110921.json,055221.json,
090592.json,067791.json,
026884.json,019933.json,
084721.json,034784.json,
001916.json,073659.json,
119110.json,064049.json,
087272.json,114056.json,
074462.json,021970.json,
026740.json,054389.json,
075749.json,042640.json,
054590.json,044579.json,
043405.json,027226.json,
101478.json,058695.json,
021932.json,066379.json,
021383.json,014024.json,
017461.json,118726.json,
091905.json,093723.json,
059128.json,046325.json,
011385.json,008568.json,
066140.json,091101.json,
049839.json,096131.json,
050101.json,066972.json,
017883.json,038761.json,
065568.json,055723.json,
002850.json,067264.json,
103135.json,116002.json,
027330.json,040412.json,
112967.json,049899.json,
112464.json,057916.json,
082565.json,006617.json,
061741.json,101346.json,
081620.json,033591.json,
014085.json,099694.json,
057755.json,075382.json,
021843.json,079186.json,
058359.json,059964.json,
080745.json,051471.json,
003821.json,088452.json,
105242.json,008563.json,
046855.json,010603.json,
010789.json,025874.json,
031135.json,109525.json,
043994.json,076102.json,
040170.json,001296.json,
035210.json,070858.json,
053132.json,000699.json,
065527.json,053949.json,
052503.json,114858.json,
034774.json,110455.json,
119093.json,079545.json,
062050.json,059472.json,
094321.json,052072.json,
090267.json,029842.json,
040144.json,032310.json,
079422.json,114097.json,
095970.json,015123.json,
030595.json,063357.json,
082946.json,082115.json,
058407.json,049941.json,
044940.json,055780.json,
114454.json,112666.json,
094879.json,006912.json,
086378.json,048410.json,
026581.json,078484.json,
109317.json,079155.json,
081779.json,108396.json,
017384.json,115759.json,
092092.json,069153.json,
027317.json,077347.json,
006197.json,109159.json,
110217.json,025471.json,
071606.json,119028.json,
083172.json,098153.json,
059936.json,121198.json,
033257.json,063622.json,
013738.json,051650.json,
055591.json,016893.json,
030112.json,006685.json,
091583.json,025523.json,
043155.json,118563.json,
083244.json,119623.json,
098042.json,022245.json,
071423.json,048040.json,
044707.json,059793.json,
058574.json,063130.json,
012622.json,031405.json,
009766.json,040217.json,
061508.json,070564.json,
071340.json,014828.json,
005392.json,048311.json,
046505.json,114501.json,
093512.json,099614.json,
097716.json,051121.json,
041139.json,037250.json,
040610.json,082627.json,
009993.json,118625.json,
047993.json,074095.json,
003427.json,048803.json,
113647.json,083710.json,
106026.json,103711.json,
112791.json,057611.json,
028518.json,087660.json,
021691.json,009010.json,
085937.json,023328.json,
105629.json,089207.json,
021031.json,054815.json,
027966.json,082542.json,
038236.json,081946.json,
017813.json,091038.json,
092322.json,102996.json,
057389.json,061759.json,
048805.json,091280.json,
009656.json,111040.json,
002061.json,103129.json,
048199.json,117143.json,
108820.json,074474.json,
071068.json,008499.json,
093336.json,062731.json,
117448.json,085779.json,
067974.json,086447.json,
057095.json,092217.json,
057451.json,054652.json,
032152.json,112058.json,
101644.json,099137.json,
106706.json,050559.json,
018751.json,051353.json,
098424.json,041276.json,
029139.json,057670.json,
032143.json,050899.json,
105948.json,093382.json,
077546.json,054072.json,
051289.json,089872.json,
107439.json,101108.json,
013040.json,036646.json,
075256.json,110612.json,
005337.json,004562.json,
031520.json,043685.json,
019331.json,047430.json,
006953.json,024783.json,
051163.json,015881.json,
019146.json,077770.json,
119555.json,035188.json,
018877.json,057443.json,
038398.json,073348.json,
099854.json,097533.json,
090138.json,054276.json,
095766.json,025943.json,
038877.json,062943.json,
108278.json,019710.json,
047782.json,107442.json,
103024.json,061400.json,
098141.json,097217.json,
043629.json,024426.json,
073759.json,080849.json,
043088.json,039541.json,
008723.json,043071.json,
061590.json,061006.json,
114771.json,012992.json,
096272.json,106742.json,
024174.json,015677.json,
002927.json,055668.json,
108892.json,066831.json,
016164.json,102415.json,
009381.json,113950.json,
003333.json,041384.json,
004422.json,085742.json,
075484.json,028793.json,
010815.json,070881.json,
056499.json,042173.json,
007406.json,042519.json,
055898.json,056440.json,
084190.json,099106.json,
026272.json,096985.json,
019506.json,004698.json,
107643.json,085209.json,
093176.json,069526.json,
029693.json,014483.json,
064805.json,104003.json,
114450.json,069182.json,
098989.json,016357.json,
016613.json,113984.json,
104872.json,014437.json,
102281.json,094861.json,
105954.json,053269.json,
025074.json,088258.json,
086019.json,076340.json,
077308.json,023832.json,
082275.json,022156.json,
108867.json,086230.json,
025513.json,018865.json,
054849.json,038937.json,
039356.json,105289.json,
112333.json,096216.json,
039801.json,034414.json,
045012.json,077978.json,
018317.json,073042.json,
061055.json,037292.json,
000861.json,114907.json,
058227.json,021118.json,
012946.json,058940.json,
000204.json,064435.json,
